{
    "Afghanistan": ["afghan", "awcc", "etisalat", "roshan"],
    "Afrique du Sud": ["telkom", "vodacom", "mtn", "cell", "rain"],
    "Albanie": ["albtelecom", "vodafone", "telekom", "plus"],
    "Algérie": ["mobilis", "ooredoo", "djezzy"],
    "Allemagne": ["deutsche", "vodafone", "telefonica", "e-plus", "o2"],
    "Andorre": ["andorra", "movistar", "orange"],
    "Angola": ["unitel", "movicel"],
    "Antigua-et-Barbuda": ["digicel"],
    "Arabie saoudite": ["stc", "mobily", "zain"],
    "Argentine": ["movistar", "personal", "claro"],
    "Arménie": ["beeline", "mts", "viva"],
    "Australie": ["telstra", "optus", "vodafone", "tpg", "dodo"],
    "Autriche": ["a1", "t-mobile", "3", "tele.ring", "hot"],
    "Azerbaïdjan": ["azerfon", "bakcell", "nar"],
    "Bahamas": ["btc"],
    "Bahreïn": ["batelco", "zain", "viva"],
    "Bangladesh": ["grameenphone", "robi", "banglalink", "teletalk"],
    "Barbade": ["digicel"],
    "Belgique": ["proximus", "mobistar", "base", "telenet", "lycamobile"],
    "Belize": ["speednet"],
    "Bénin": ["mtn", "moov"],
    "Bermudes": ["digicel"],
    "Bhoutan": ["b-mobile", "tashi"],
    "Biélorussie": ["mts", "velcom", "life", "a1", "diallog"],
    "Birmanie (Myanmar)": ["ooredoo", "telenor", "mpt", "mytel"],
    "Bolivie": ["entel", "tigo", "viva"],
    "Bosnie-Herzégovine": ["mtel", "ht", "bihnet", "m"],
    "Botswana": ["mascom", "orange"],
    "Brésil": ["oi", "vivo", "tim", "claro", "nextel"],
    "Brunéi": ["progresif", "dst"],
    "Bulgarie": ["m-tel", "globul", "vivacom", "telenor", "max"],
    "Burkina Faso": ["telmob", "moov", "orange"],
    "Burundi": ["econet", "africell", "leo"],
    "Cambodge": ["metfone", "smart", "cellcard"],
    "Cameroun": ["mtn", "orange", "nexttel"],
    "Canada": ["rogers", "bell", "telus", "shaw", "freedom"],
    "Cap-Vert": ["unitel", "cvmovel"],
    "Chili": ["entel", "movistar", "claro"],
    "Chine": ["china", "china", "china", "china", "china"],
    "Chypre": ["cyta", "vodafone", "primetel", "multichoice"],
    "Colombie": ["claro", "movistar", "tigo"],
    "Comores": ["comores", "comores", "comores"],
    "Congo (Brazzaville)": ["mtn", "africell", "africell"],
    "Congo (Kinshasa)": ["vodafone", "orange", "africell", "orange"],
    "Corée du Nord": ["koryolink"],
    "Corée du Sud": ["kt", "sk", "lg", "kt", "sk"],
    "Costa Rica": ["ice", "movistar", "claro"],
    "Côte d'Ivoire": ["mtn", "orange", "moov"],
    "Croatie": ["t-mobile", "vipnet", "tele2", "bonbon"],
    "Cuba": ["etecsa"],
    "Danemark": ["telenor", "telia", "3", "telenor", "call"],
    "Djibouti": ["djibouti", "djibouti"],
    "Dominique": ["digicel"],
    "Égypte": ["vodafone", "orange", "etisalat", "we"],
    "Émirats arabes unis": ["etisalat", "du"],
    "Équateur": ["movistar", "claro", "cnt"],
    "Érythrée": ["eritrea"],
    "Espagne": ["movistar", "vodafone", "orange", "yoigo", "masmovil"],
    "Estonie": ["tele2", "elisa", "eesti", "lebara", "smarttel"],
    "États-Unis": ["at&t", "verizon", "t-mobile", "sprint", "us"],
    "Éthiopie": ["ethio", "ethio"],
    "Fidji": ["vodafone", "digicel"],
    "Finlande": ["elisa", "dna", "telia", "saunalahti", "moi"],
    "France": ["sfr", "orange", "free", "bouygues", "nrj"],
    "Gabon": ["mtn", "africell", "africell"],
    "Gambie": ["gamcel", "qcell"],
    "Géorgie": ["magti", "beeline", "silknet"],
    "Ghana": ["mtn", "vodafone", "airtel", "glo"],
    "Grèce": ["cosmote", "vodafone", "wind", "ote", "forthnet"],
    "Grenade": ["digicel"],
    "Guatemala": ["tigo", "claro", "movistar"],
    "Guinée": ["orange", "mtn", "cellcom"],
    "Guinée-Bissau": ["orange", "mtn", "mtn"],
    "Guinée équatoriale": ["ge", "ge"],
    "Guyana": ["digicel"],
    "Haïti": ["natcom", "digicel"],
    "Honduras": ["tigo", "claro", "hondutel"],
    "Hong Kong": ["3", "csl", "hkt", "smartone", "cmcc", "cscom", "sunday", "peopl"],
    "Hongrie": ["t-mobile", "vodafone", "telenor", "digi", "upc"],
    "Île Maurice": ["emtel", "orange", "chili"],
    "Îles Marshall": ["nemont", "marshall"],
    "Îles Salomon": ["our", "bemobile"],
    "Inde": ["airtel", "vodafone", "idea", "jio", "bsnl"],
    "Indonésie": ["telkomsel", "indosat", "xl", "tri"],
    "Irak": ["asiacell", "zain", "korek"],
    "Iran": ["mci", "irancell", "rightel"],
    "Irlande": ["eir", "vodafone", "three", "o2", "lycamobile"],
    "Islande": ["siminn", "vodafone", "nova", "icecell"],
    "Israël": ["cellcom", "partner", "pelephone"],
    "Italie": ["tim", "vodafone", "wind", "3", "iliad"],
    "Jamaïque": ["digicel"],
    "Japon": ["docomo", "au", "softbank", "kddi", "line"],
    "Jordanie": ["zain", "umniah", "orange"],
    "Kazakhstan": ["kcell", "beeline", "tele2", "almaty"],
    "Kenya": ["safaricom", "airtel", "telkom", "faiba"],
    "Kirghizistan": ["megacom", "beeline", "o"],
    "Kiribati": ["tuvalu"],
    "Koweït": ["zain", "ooredoo"],
    "Laos": ["unitel", "beeline", "etl"],
    "Lesotho": ["vodafone", "econet"],
    "Lettonie": ["bite", "tele2", "lmt", "amigo", "riff"],
    "Liban": ["touch", "alfa"],
    "Libéria": ["liberia", "liberia"],
    "Libye": ["libya"],
    "Lituanie": ["bite", "tele2", "omnitel", "tele3", "lmt"],
    "Luxembourg": ["tango", "orange", "post", "join", "join"],
    "Macédoine du Nord": ["t-mobile", "vip", "one", "lycamobile", "telekom.mk"],
    "Madagascar": ["telma", "orange", "africell"],
    "Malaisie": ["maxis", "celcom", "digi", "umobile", "redtone"],
    "Malawi": ["tnm", "aitel"],
    "Maldives": ["dhiraagu", "ooredoo"],
    "Mali": ["orange", "malitel", "telecel", "alpha"],
    "Malte": ["go", "vodafone", "melita", "go"],
    "Maroc": ["iam", "orange", "inwi"],
    "Maurice": ["emtel", "orange", "chili"],
    "Mauritanie": ["mattel", "chinguity"],
    "Mexique": ["telcel", "movistar", "at&t", "virgin", "unefon"],
    "Micronésie": ["fsmp", "tpg"],
    "Moldavie": ["moldcell", "orange", "unite", "idc"],
    "Monaco": ["monaco", "free", "inwi", "orange"],
    "Mongolie": ["mobicom", "unitel", "g-mobile", "skytel", "cactus"],
    "Monténégro": ["telenor", "t-mobile", "m", "crnogorski"],
    "Mozambique": ["vodacom", "mcel", "movitel"],
    "Namibie": ["mtn", "tnmobile", "leo"],
    "Nauru": ["digicel"],
    "Népal": ["ntc", "ncell", "smart"],
    "Nicaragua": ["claro", "movistar", "cwt"],
    "Niger": ["africell", "orange", "mtn"],
    "Nigeria": ["mtn", "glo", "airtel", "9mobile"],
    "Norvège": ["telenor", "telia", "netcom", "ice", "gudbrandsdal"],
    "Nouvelle-Zélande": ["spark", "vodafone", "2degrees", "orcon", "slingshot"],
    "Oman": ["omantel", "ooredoo"],
    "Ouganda": ["mtn", "airtel", "africell"],
    "Ouzbékistan": ["uzmobile", "beeline", "umc"],
    "Pakistan": ["mobilink", "ufone", "zong", "telenor", "warid"],
    "Palaos": ["palau", "palau"],
    "Palestine": ["jawwal", "wataniya", "jeezan"],
    "Panama": ["cable", "digicel", "movistar", "claro"],
    "Papouasie-Nouvelle-Guinée": ["digicel", "bmobile", "telikom"],
    "Paraguay": ["tigo", "claro", "personal", "vox"],
    "Pays-Bas": ["kpn", "vodafone", "t-mobile", "tele2", "youfone"],
    "Pérou": ["movistar", "claro", "bitel"],
    "Philippines": ["globe", "smart", "sun", "tm", "cherry"],
    "Pologne": ["orange", "t-mobile", "play", "plus", "nju"],
    "Portugal": ["nos", "vodafone", "meo", "lycamobile", "nowo"],
    "Qatar": ["ooredoo", "vodafone"],
    "République centrafricaine": ["moov", "orange", "nationlink"],
    "République démocratique du Congo": ["vodafone", "orange", "africell"],
    "République dominicaine": ["claro", "orange", "viva"],
    "Roumanie": ["orange", "vodafone", "telekom", "digimobil", "digi"],
    "Royaume-Uni": ["ee", "vodafone", "o2", "three", "giffgaff"],
    "Russie": ["mts", "beeline", "megafon", "tele2", "yota"],
    "Rwanda": ["mtn", "airtel", "tigo"],
    "Saint-Kitts-et-Nevis": ["digicel"],
    "Saint-Marin": ["telecom", "san", "fastweb"],
    "Saint-Vincent-et-les-Grenadines": ["digicel"],
    "Sainte-Lucie": ["digicel"],
    "Salomon": ["our", "bemobile"],
    "Salvador": ["tigo", "movistar", "digicel", "claro"],
    "Samoa": ["digicel"],
    "São Tomé-et-Príncipe": ["unitel", "cst"],
    "Sénégal": ["orange", "tigo", "expresso"],
    "Serbie": ["telenor", "vip", "mts", "telekom", "hepi"],
    "Seychelles": ["cws", "cws"],
    "Sierra Leone": ["africell", "comium", "orange"],
    "Singapour": ["singtel", "starhub", "m1", "circles", "zero1"],
    "Slovaquie": ["orange", "o2", "t-mobile", "swan", "4ka"],
    "Slovénie": ["telekom", "t-2", "a1", "izimobil", "tusmo"],
    "Somalie": ["hormuud", "somtel", "nationlink"],
    "Soudan": ["mtn", "zain", "sudani"],
    "Soudan du Sud": ["vivacell", "mtn", "zain"],
    "Sri Lanka": ["dialog", "mobitel", "hutch", "airtel", "etisalat"],
    "Suède": ["telia", "tre", "3", "tele2", "hallon"],
    "Suisse": ["swisscom", "salt", "upc", "sunrise", "m-budget"],
    "Suriname": ["telesur", "digicel", "uniqa"],
    "Swaziland": ["mtn", "swazi"],
    "Syrie": ["syriatel", "mtc"],
    "Tadjikistan": ["tcell", "babilon", "mlt", "mlt"],
    "Taïwan": ["chunghwa", "far", "taiwan", "taiwan", "taiwan"],
    "Tanzanie": ["voda", "tigo", "zantel", "africell"],
    "Tchad": ["tigo", "africell"],
    "Thaïlande": ["ais", "dtac", "true", "cat"],
    "Timor-Leste": ["timor"],
    "Togo": ["togo", "togo", "moov", "togo", "togo"],
    "Tonga": ["digicel"],
    "Trinité-et-Tobago": ["digicel", "tstt"],
    "Tunisie": ["ooredoo", "orange", "tunisie"],
    "Turkménistan": ["altyn", "tmcell", "tmcell"],
    "Turquie": ["turkcell", "vodafone", "turk", "turk", "turk"],
    "Tuvalu": ["tuvalu"],
    "Ukraine": ["kyivstar", "vodafone", "lifecell", "utel", "people"],
    "Uruguay": ["antel", "movistar", "claro"],
    "Vanuatu": ["digicel", "tvl"],
    "Vatican": ["vatican", "wind"],
    "Venezuela": ["movilnet", "movistar", "digitel"],
    "Viêt Nam": ["viettel", "vinaphone", "mobifone", "gmobile", "vnpt"],
    "Yémen": ["mtc", "sabafon", "y"],
    "Zambie": ["mtn", "africell", "zamtel"],
    "Zimbabwe": ["econet", "netone", "telecel"]
}